Country,Code,2000,2001,2002,2003,2004,2005,2006,2007,2008,2009,2010,2011,2012,2013,2014,2015,2016,2017,2018,2019,2020,2021,2022
Aruba,ABW,495.0055556,503.8388889,509.8944444,515.0055556,519.6666667,524.9055556,531.1444444,537.7055556,544.4222222,551.1777778,557.45,562.7111111,567.2888889,571.5555556,575.5222222,579.2055556,582.6333333,585.7722222,588.6777778,591.3444444,592.1388889,591.8722222,
Africa Eastern and Southern,AFE,27.56047962,28.27428518,29.01128214,29.77072913,30.24971329,31.05614843,31.89546439,32.77156418,33.67805177,34.60605694,35.55880606,36.53185151,37.21963958,38.25452,39.31620331,40.41792755,41.52057076,42.62325498,43.7690819,44.94692958,46.15081314,47.35418253,
Afghanistan,AFG,29.96332889,30.18663968,32.19762354,34.71954679,36.11233921,37.42727412,39.00915935,39.71497938,40.51822057,41.98719317,43.22044677,44.84485074,46.71125063,48.35902826,50.16054153,51.75091455,53.10428376,54.64854116,56.24823145,57.90825169,59.75228064,61.48055441,
Africa Western and Central,AFW,29.80526809,30.63971233,31.50113335,32.38835667,33.30450741,34.25075881,35.22100736,36.21720161,37.24320457,38.30241516,39.3927071,40.51493669,41.65456146,42.80499338,43.98244342,45.18022492,46.40599086,47.66186045,48.93406926,50.22298387,51.53667929,52.86291254,
Angola,AGO,13.14996551,13.58914494,14.05000321,14.53785353,15.05664955,15.60195636,16.17256758,16.77202535,17.39915136,18.05380124,18.74082377,19.45865966,20.20397209,20.97297024,21.76011631,22.56173979,23.38553461,24.2308719,25.08505093,25.95138205,26.81357664,27.67608406,
Albania,ALB,112.7382117,111.685146,111.3507299,110.9348905,110.4722263,109.9082847,109.2170438,108.394781,107.5662044,106.8437591,106.314635,106.0290146,105.8540511,105.660292,105.4417518,105.135146,104.9671898,104.8706934,104.6122628,104.1675547,103.5711314,102.6155474,
Andorra,AND,140.6319149,144.2978723,150.7425532,157.2489362,163.687234,169.8425532,170.6829787,166.3148936,161.8191489,157.1319149,152.1680851,150.1425532,151.0914894,151.8446809,152.3851064,152.6510638,154.3404255,157.1,159.6021277,162.4319149,165.3191489,168.1574468,
Arab World,ARB,21.09006628,21.56366513,22.04166851,22.52350552,23.01403788,23.55101335,24.1492577,24.79538717,25.4662963,26.14147446,26.77877881,27.36099428,29.03505953,29.70324997,30.37458933,31.02943629,31.684061,32.33951901,33.01742311,33.69842802,34.29079926,34.84742727,
United Arab Emirates,ARE,46.11845959,48.6369755,51.16382709,53.69533934,56.22837229,60.27869614,68.97992115,82.68972121,98.40446353,112.5407491,119.4279217,120.743523,122.0074486,123.2307378,124.4149676,125.5547592,126.6440862,127.6865108,128.6985215,129.7051112,130.7700507,131.8663053,
Argentina,ARG,13.54584334,13.69555668,13.84337576,13.98702959,14.12976844,14.27655343,14.42503572,14.57092729,14.71623348,14.86625741,14.90430155,15.0771516,15.2495427,15.42116023,15.59164538,15.76063274,15.92813508,16.09419079,16.2585101,16.42082662,16.58089261,16.73874169,
Armenia,ARM,111.2933966,110.0503337,109.0634703,108.3281349,107.6833509,107.0335792,106.3043906,105.5283808,104.7917457,104.119986,103.4876361,102.8793818,102.3681419,101.9102564,101.5079031,101.1097647,100.6615736,100.1729189,99.63319283,99.07277836,98.54611872,98.03210397,
American Samoa,ASM,291.15,291.62,290.885,289.705,288.13,286.27,284.185,281.915,279.455,276.83,274.245,271.55,268.455,264.975,261.085,256.84,252.24,247.315,242.12,236.605,230.945,225.175,
Antigua and Barbuda,ATG,170.5795455,173.2159091,175.4431818,177.4431818,179.4113636,181.5204545,183.8522727,186.4,189.2068182,192.1227273,194.7613636,197.1113636,199.2590909,201.1295455,202.8090909,204.4113636,205.8272727,207.0886364,208.2409091,209.3568182,210.6,211.8613636,
Australia,AUS,2.476966794,2.508975307,2.53767882,2.567035523,2.594629473,2.626406675,2.662088958,2.711118025,2.765994429,2.823588378,2.867858584,2.90798641,2.95920037,3.010573526,3.055814795,3.100112596,3.144935531,3.197365841,3.245784982,3.294351419,3.335312311,3.33957517,
Austria,AUT,97.08635482,97.45871304,97.93937227,98.41763209,99.03012603,99.70708919,100.2016602,100.5269874,100.8421716,101.1066772,101.3500242,101.6922322,102.1569438,102.7608216,103.5670868,104.7345977,105.8733398,106.6113185,107.1318589,107.6093068,108.0570044,108.5288051,
Azerbaijan,AZE,97.43477998,98.19379207,98.9124646,99.62372356,100.4753726,101.5225018,102.6725317,103.8533687,106.0597625,108.2912905,109.5423442,110.9763362,112.4607902,113.9234808,115.3488139,116.7310768,118.033289,119.2087416,120.2575919,121.2800711,122.1247368,122.6588022,
Burundi,BDI,245.6253505,251.7807243,258.9150312,267.1669003,277.2778816,287.7287383,298.2161215,309.3695093,322.3562695,339.1497664,355.397391,368.2139019,381.4438863,395.2327492,408.6804128,417.7238318,424.5843847,434.4078271,447.565109,462.41581,475.8655374,488.7544003,
Belgium,BEL,338.5485469,339.7149934,341.2412483,342.6728203,344.1590819,346.0573646,348.347358,350.9147952,353.6979194,356.555251,359.8278071,364.5397622,366.8075297,368.5405218,370.180218,372.3314399,374.2213342,375.6657199,377.3795905,379.4247028,381.0635403,382.8583884,
Benin,BEN,62.06121852,63.95921426,65.90797269,67.92486697,70.0120078,72.2722508,74.51783434,76.69174353,78.98606775,81.34545938,83.76826889,86.25736077,88.80877971,91.42186946,94.13660873,96.95621674,99.85885952,102.8447943,105.8946701,108.9964881,112.1241841,115.2615733,
Burkina Faso,BFA,43.43160819,44.77252924,46.17057383,47.62642909,49.14465278,50.71683845,52.32544591,53.93667398,55.54793494,57.20037281,58.90659722,60.68220395,62.55019006,64.46055556,66.41024123,68.41381213,70.45138158,72.49948099,74.53480629,76.57762792,78.66456871,80.77735015,
Bangladesh,BGD,992.4969425,1011.527111,1030.497242,1048.653346,1066.218983,1082.527387,1095.712,1107.289959,1117.164616,1127.040101,1139.979558,1153.960244,1168.400161,1183.299831,1198.135507,1212.491357,1227.50686,1242.943566,1257.462995,1271.538926,1286.171553,1301.039034,
Bulgaria,BGR,73.85132423,72.3957516,72.03272978,71.48411327,70.95310776,70.4986377,69.97166529,69.47185342,68.98592211,68.57445652,68.12453021,67.68909359,67.2981577,66.92257738,66.54327561,66.120035,65.65790346,65.18005711,64.71109985,64.25719418,63.87265107,63.35430177,
Bahrain,BHR,1002.030986,1028.530986,1053.977465,1080.911111,1141.713699,1218.812162,1312.136486,1387.376,1460.977632,1551.911842,1592.709974,1580.28292,1590.82987,1638.536364,1700.562905,1750.825193,1809.577664,1867.735897,1911.748072,1915.625641,1882.126115,1852.234177,
"Bahamas, The",BHS,32.46893107,32.92967033,33.36683317,33.81518482,34.27462537,34.74565435,35.23116883,35.73086913,36.24325674,36.76893107,37.28991009,37.75724276,38.16793207,38.52647353,38.87422577,39.23046953,39.55804196,39.86213786,40.15044955,40.41528472,40.60649351,40.74985015,
Bosnia and Herzegovina,BIH,81.62792969,81.93226563,82.00019531,81.71400391,80.91523438,79.96673828,79.25949219,78.27882813,77.019375,75.73730469,74.4353125,73.10824219,71.76511719,70.65544922,69.74742188,68.83445313,67.98800781,67.18802734,66.40876953,65.63888672,64.81263672,63.88560547,
Belarus,BLR,49.19747791,48.9467226,48.639731,48.30124836,47.97547519,47.64468799,47.33728266,47.12127096,46.95855635,46.84414336,46.74096855,46.62975211,46.5593029,46.53937252,46.55060033,46.61133719,46.64994482,46.59875953,46.50105922,46.41075062,46.21121293,45.83683173,
Belize,BLZ,10.53950022,10.87680842,11.22257782,11.57378343,11.93020605,12.291758,12.65800088,13.02818939,13.40074529,13.77338886,14.1212626,14.44708461,14.77680842,15.11126699,15.44651469,15.7768961,16.10315651,16.42669882,16.74993424,17.05808856,17.31350285,17.5375274,
Bermuda,BMU,1145.055556,1157.481481,1165.037037,1172.685185,1180.37037,1188.037037,1194.87037,1201.62963,1208.759259,1215.481481,1206,1195.62963,1199.962963,1203.722222,1206.259259,1208.092593,1195.444444,1182.833333,1183.666667,1183.537037,1183.203704,1180.814815,
Bolivia,BOL,7.931926521,8.073556725,8.216175575,8.360913874,8.507596234,8.65631681,8.808883043,8.964416136,9.120828025,9.278424259,9.437154989,9.596830056,9.756943598,9.917242684,10.07752885,10.23731653,10.39694914,10.55620142,10.71439583,10.87170221,11.01833472,11.15062494,
Brazil,BRA,21.04220796,21.32195453,21.59292438,21.85046888,22.10085533,22.34915113,22.59123226,22.82558715,23.05205668,23.27282733,23.49248661,23.7116514,23.92610162,24.13476766,24.34269467,24.54950563,24.74947512,24.94633495,25.14513899,25.33851766,25.50762538,25.64281323,
Barbados,BRB,615.4813953,617.155814,619.6627907,622.0906977,624.4302326,626.6906977,628.8953488,631.2651163,634.0348837,636.7232558,638.8627907,640.6651163,642.3186047,643.872093,645.3325581,646.7046512,648.0209302,649.272093,650.4372093,651.5813953,652.7744186,653.9534884,
Brunei Darussalam,BRN,63.36356736,64.65806452,65.93225806,67.18121442,68.39867173,69.5857685,70.74155598,71.8686907,72.97305503,74.06280835,75.15237192,76.18709677,77.1601518,78.12182163,79.06185958,79.96907021,80.83377609,81.64629981,82.40493359,83.12106262,83.81878558,84.51100569,
Bhutan,BTN,14.75394472,15.15663317,15.55396985,15.94540201,17.0525225,17.40228769,17.66298502,17.88215232,18.09525933,18.30359157,18.50922161,18.71424824,18.91924863,19.12241257,19.31833565,19.49980324,19.65606648,19.82280306,19.98154169,20.12215522,20.25448348,20.38505506,
Botswana,BWA,3.04728001,3.108940765,3.167522453,3.223515607,3.280371606,3.339874367,3.403214935,3.470747975,3.541933549,3.615472977,3.690759268,3.765526794,3.838556279,3.91240626,3.988453055,4.067494221,4.150858433,4.23806751,4.32553244,4.410745858,4.493148413,4.567294832,
Central African Republic,CAF,6.034174452,6.171583357,6.309428874,6.46383672,6.605570002,6.755969694,6.893242159,7.02361071,7.17074866,7.326944685,7.480283476,7.595784776,7.662053356,7.70879964,7.702870076,7.735935343,7.872125911,8.02070853,8.178079553,8.361944204,8.576551414,8.759757938,
Canada,CAN,3.42261134,3.459995605,3.497826579,3.529497557,3.562582608,3.596389418,3.632909156,3.66836148,3.708302298,3.750884772,3.792822224,3.830124732,3.871939493,3.913066959,3.952604904,3.982215114,4.027563942,4.07616632,4.134148896,4.193949311,4.23922642,4.349505388,
Central Europe and the Baltics,CEB,98.14558055,97.43263476,96.94538924,96.63579463,96.36113319,96.11156771,95.86997537,95.52262775,95.18263316,94.91405607,94.57237703,94.3426815,94.14015704,93.84889342,93.59047006,93.37544026,93.13795402,92.96902425,92.78931855,92.66895471,92.47028789,91.77854252,
Switzerland,CHE,181.7712317,182.9307258,184.3254821,185.7038566,186.9906177,188.1981564,189.3887944,191.0948546,193.5413607,195.9777672,198.0326587,200.2498644,202.390548,204.7343366,207.2507514,209.6266208,211.9315721,213.9184801,215.5000945,217.0427817,218.6344696,220.285662,
Channel Islands,CHI,733.8686869,737.5959596,743.2676768,749.1969697,755.2424242,761.4292929,767.6010101,773.8636364,780.1767677,786.469697,792.5909091,797.0656566,801.1161616,807.040404,812.6868687,819.1414141,826.8737374,834.4191919,844.7424242,855.6060606,864.2070707,872.1363636,
Chile,CHL,20.64712615,20.8786952,21.1070808,21.32942765,21.54307548,21.75469381,21.96889307,22.18537736,22.40853386,22.639842,22.86944207,23.09728835,23.32350323,23.54965893,23.78795802,24.0341021,24.32158804,24.7044875,25.15217906,25.60681316,25.95761178,26.21700747,
China,CHN,134.492481,135.4730488,136.3837796,137.2359193,138.0534367,138.8677661,139.6453429,140.3765881,141.0977052,141.8012441,142.4877434,143.2685098,144.243669,145.2076439,146.1258167,146.9779493,147.8226414,148.7200435,149.4171945,149.9481797,150.3055428,150.4397537,
Cote d'Ivoire,CIV,52.82915094,54.23103145,55.60973899,56.9699717,58.31730503,59.65476415,60.98760063,62.31981132,63.66178931,65.02440881,66.41522642,67.80790566,69.21607547,70.65807547,72.31306604,74.20358805,76.14346541,78.13841509,80.16977358,82.22500314,84.31380503,86.40958805,
Cameroon,CMR,31.92569228,32.7753866,33.66553066,34.59695373,35.55966026,36.54496626,37.55226883,38.61112733,39.72219966,40.8691883,42.05122803,43.25881196,44.49384189,45.7634702,47.1739227,48.68237609,50.16105012,51.6028453,53.04890313,54.54156036,56.04088553,57.53766157,
"Congo, Dem. Rep.",COD,21.44474846,22.10214023,22.78823625,23.46910699,24.17926689,24.94441984,25.75224631,26.59377693,27.45846982,28.34971968,29.28530778,30.28352661,31.3172934,32.40335282,33.53944024,34.69570764,35.91935643,37.17750954,38.41439536,39.65809753,40.95770451,42.29907501,
"Congo, Rep.",COG,9.177247438,9.528846266,9.754489019,10.02826647,10.37485212,10.75501903,11.16639239,11.58515081,11.97540849,12.46626647,12.99526794,13.42376574,13.80163104,14.13782138,14.47982723,14.82982723,15.18835725,15.55590044,15.93283163,16.31254173,16.69743485,17.08874378,
Colombia,COL,35.34487156,35.90615142,36.4615142,37.00557639,37.53787111,38.05402434,38.5515187,39.03252096,39.49104371,39.94043894,40.39306715,40.83722307,41.26400811,41.67456512,42.07115548,42.46933574,42.92560162,43.57969446,44.41366471,45.23425507,45.90415683,46.43223254,
Comoros,COM,288.424503,294.3261687,300.4013971,306.3567974,312.2804944,318.4755508,324.9102633,331.4879097,338.2428802,345.2407308,352.5115529,360.0596454,367.8414831,375.8156905,383.9935519,392.3782912,400.984417,409.2767329,417.1483074,425.0327781,433.189683,441.4965073,
Cabo Verde,CPV,113.7099256,115.6223325,117.4270471,119.1287841,120.7401985,122.2895782,123.7925558,125.2439206,126.6342432,127.9498759,129.3330025,130.8985112,132.4724566,133.9801489,135.5027295,137.0138958,138.5593052,140.1870968,141.737469,143.1836228,144.5756824,145.8870968,
Costa Rica,CRI,77.93170779,79.38155112,80.74075597,82.03309832,83.29024677,84.52579318,85.74563259,86.95689385,88.16923228,89.36793968,90.52589111,91.65542499,92.76523698,93.84126518,94.87442225,95.87234626,96.85086173,97.80340776,98.7217783,99.57955347,100.334998,100.9392284,
Caribbean small states,CSS,16.25822156,16.36853897,16.47978758,16.5907052,16.69846116,16.80245523,16.90547857,17.00556996,17.10244288,17.20202544,17.30129184,17.39991849,17.51017908,17.62599481,17.7375423,17.84513277,17.94558972,18.04034581,18.21575892,18.33790787,18.38895393,18.48061504,
Cuba,CUB,103.4058752,103.7162663,104.99155,105.2557989,105.4909689,105.6568395,105.803157,105.880186,105.943339,106.0051203,106.0730646,105.7307955,106.042157,108.6315391,108.9408383,108.9326993,109.0158785,109.213921,109.1352987,109.0240559,108.8699229,108.4428902,
Curacao,CUW,,,,,,,,,,,,339.7094595,342.5405405,346.4459459,351.1463964,355.8108108,359.6036036,360.7545045,358.8648649,354.5968468,348.9797297,343.1734234,
Cayman Islands,CYM,165.2416667,171.0583333,176.9,182.7583333,188.6916667,194.6958333,200.7375,206.8625,213.0125,219.175,225.3083333,231.2166667,236.9166667,242.55,248.1625,253.7958333,259.3958333,264.9208333,270.35,275.5583333,280.4625,283.9,
Cyprus,CYP,102.6230519,104.4188312,106.2980519,108.262987,110.2471861,112.2361472,114.2248918,116.2200216,118.224026,120.2352814,122.2603896,123.9270563,125.1683983,126.2952381,127.3804113,128.4935065,129.6408009,130.7925325,131.9081169,132.9909091,133.9325758,134.652381,
Czechia,CZE,132.7172641,132.2195548,131.964747,131.9269833,131.9842221,132.1669169,132.5424595,133.3181618,134.4459218,135.214086,135.6261815,135.9068756,136.0971773,136.1599586,136.30338,136.589289,136.8518586,137.2158788,137.6755343,138.2268103,138.5759288,136.1083491,
Germany,DEU,235.5968133,236.0273001,236.4515708,236.6164273,236.5921954,236.4646806,236.2251979,235.9433619,235.5221782,234.9396374,234.6069082,230.3046333,230.7506255,231.1557126,232.1080539,234.1529869,235.7129294,236.5887226,237.2940123,237.8229543,238.0173188,238.1180858,
Djibouti,DJI,32.01177739,33.02372735,34.0435289,34.78908542,35.30513374,35.84387403,36.53783434,37.32510785,38.08826575,38.87415876,39.65483175,40.41462468,41.16898188,41.92204487,42.66984469,43.41065574,44.14413287,44.87631579,45.60819672,46.33278689,47.03002588,47.69443486,
Dominica,DMA,91.128,90.87066667,91.016,91.256,91.432,91.56533333,91.656,91.7,91.70933333,91.716,91.67333333,91.656,91.85066667,91.75866667,92.49466667,93.34266667,93.43333333,93.87066667,94.43066667,95.23733333,95.99333333,96.54933333,
Denmark,DNK,133.4904,133.969575,134.398275,134.76435,135.113075,135.4858,135.9318,136.53595,137.340525,138.077375,138.692075,139.2643,139.7893,140.3733,141.086875,142.087075,143.20025,144.1245,144.8409,145.36055,145.7851,146.418325,
Dominican Republic,DOM,176.7913682,179.4460774,182.0554958,184.6377976,187.1895467,189.7074726,192.1790106,194.6223556,197.1216725,199.7114676,202.3546885,205.0038708,207.6357276,210.2473815,212.8361623,215.3970606,217.9174498,220.3942041,222.8427034,228.9428373,231.4208411,233.9078286,
Algeria,DZA,12.92106653,13.10008019,13.27797996,13.45901862,13.64976278,13.83723244,14.0380898,14.26848732,14.51442727,14.77744716,15.05468439,15.34321169,15.64426134,15.95498501,16.27388716,16.60262556,16.93690834,17.27162861,17.6035123,17.93031568,18.24365706,18.54860331,
East Asia & Pacific (excluding high income),EAP,113.7404319,114.8103858,115.8390957,116.7766987,117.738033,118.6707415,119.5819737,120.4956952,121.4000844,122.293262,123.1755986,124.1190884,125.1819801,126.2372086,127.2474573,128.2164581,129.183107,130.16861,131.0198827,131.7621849,132.3850799,132.7137416,
Early-demographic dividend,EAR,75.30659268,76.71196735,78.07879965,79.42101863,80.46468999,81.79899723,83.13155102,84.47218965,85.78630914,87.09551044,88.44127193,89.79261818,91.11098777,92.41923704,93.73654188,95.04529557,96.35073632,97.64253316,98.89641922,100.1345822,101.3253382,102.3825226,
East Asia & Pacific,EAS,83.77918105,84.5299936,85.24505098,85.90187568,86.55905775,87.19814236,87.83660207,88.48104016,89.12495362,89.7485609,90.36151648,91.00710876,91.73363157,92.4505195,93.14241874,93.80767555,94.43404592,95.1049513,95.68746023,96.19695991,96.60801415,96.80415288,
Europe & Central Asia (excluding high income),ECA,16.62192844,16.6268135,16.63088577,16.64274382,16.66324922,16.6875787,16.64648444,16.69193702,16.75893499,16.83817358,16.93101882,17.02693844,17.12506665,17.24007208,17.36557675,17.48922882,17.60645861,17.70295781,17.77408043,17.84178647,17.8988477,17.93120575,
Europe & Central Asia,ECS,31.55296684,31.59575517,31.65380622,31.73467699,31.82866708,31.92541792,31.91190962,32.02649721,32.15905776,32.28516768,32.40676976,32.48192688,32.60867605,32.76289422,32.92974143,33.08937966,33.24386447,33.37158396,33.47741631,33.5649771,33.64012113,33.65137851,
Ecuador,ECU,50.83953535,51.72137623,52.62767354,53.55606378,54.49586487,55.44375906,56.40626913,57.38377758,58.37009583,59.36046867,60.35426397,61.35339024,62.344512,63.30725157,64.25347882,65.21139475,66.19256321,67.22879691,68.51212756,69.83306491,70.81895233,71.66104445,
"Egypt, Arab Rep.",EGY,71.69759506,73.18726305,74.73379778,76.31053493,77.87676629,79.4367472,80.99821186,82.59456025,84.22802049,85.89187202,87.65122608,89.60776935,91.65741725,93.80470139,96.02925712,98.17047466,100.2401226,102.2546446,104.214943,106.1014325,107.9563353,109.7615932,
Euro area,EMU,119.9264921,120.4122757,120.9800923,121.618695,122.3067628,122.9464268,123.5505519,124.190364,124.8237766,125.2335543,125.4686019,125.2040903,125.4660859,125.8278957,126.2604806,126.6714565,127.024005,127.3330736,127.6361606,127.7819439,127.9538718,128.0031589,
Eritrea,ERI,23.69188119,24.37551485,25.2220198,26.27118812,22.83914736,23.3978465,23.80162856,24.17669169,24.82935092,25.47202769,26.0002835,26.48936147,26.86272754,27.23161224,27.45811098,27.58311825,27.79449641,28.05730904,28.45588908,28.89661565,29.37742603,29.90984141,
Spain,ESP,81.29832465,81.94337639,83.02251924,84.50881393,85.98480508,87.4654972,88.97614934,90.61490052,92.12932237,92.97506517,93.15193096,93.50783588,93.50683713,93.2009456,92.92273645,92.95268592,93.04926296,93.27091015,93.66979208,94.3508089,94.81538375,94.88212075,
Estonia,EST,32.95553197,32.7462845,32.53951404,32.33592828,32.14319415,31.95977825,31.77188016,31.62727058,31.5425808,31.48183534,31.41012031,31.31490918,31.20301958,30.31969174,30.24028065,30.26011042,30.2689211,30.816,30.9234386,31.03854971,31.09992982,31.13291228,
Ethiopia,ETH,67.031867,69.018932,71.073215,73.168838,66.72089877,68.64252708,70.60970802,72.6510088,74.74700275,76.87086147,79.07149377,81.35739675,83.69022203,86.02407456,88.3858063,90.80046232,93.29886502,95.87318208,98.46999476,101.1195648,103.8400628,106.5799119,
European Union,EUU,107.4398799,107.5962093,107.8756107,108.2472547,108.6611256,109.0546789,109.4268787,109.7961384,110.1641506,110.3994812,110.5184851,110.3251372,110.4837409,110.7145983,110.9703722,111.2300432,111.4556289,111.6508438,111.8465587,111.9414092,112.0225221,111.8905668,
Fragile and conflict affected situations,FCS,30.3491999,31.03217997,31.79529674,32.59854132,33.14635845,33.95265693,34.77607814,35.59738178,36.45614331,37.37095237,38.30178986,39.23953204,39.96161204,40.93986214,41.89862606,42.84784729,43.81824868,44.80369303,45.79569422,46.82547221,47.90012753,48.97816765,
Finland,FIN,16.99402147,17.03275879,17.07409304,17.11485604,17.16462129,17.22346761,17.31698399,17.39195633,17.48403751,17.56785456,17.64841066,17.73099477,17.81556155,17.89783145,17.97200303,18.03011089,18.08200783,18.12389445,18.14795012,18.16736091,18.19287688,18.23016591,
Fiji,FJI,45.56699507,46.04926108,46.5183908,46.97898194,47.43809524,47.88850575,48.33513957,48.74920635,49.08215654,49.33678161,49.54400657,49.7183908,49.86639299,49.99742748,50.11275315,50.20251779,50.26661193,50.30207991,50.30082102,50.27175698,50.37887247,50.60810071,
France,FRA,111.2583191,112.0728386,112.8925483,113.6351888,114.5363143,115.4005793,116.2039039,116.9225067,117.576245,118.1810825,118.7649414,119.3395993,119.9185473,120.5395767,121.1053224,121.5367021,121.857823,122.2119706,122.6508802,123.0702941,123.4046994,123.7307385,
Faroe Islands,FRO,32.70773639,33.12679083,33.53366762,33.94842407,34.3760745,34.59240688,34.60816619,34.64255014,34.67836676,34.69126074,34.67765043,34.66045845,34.66475645,34.68338109,34.71704871,34.96848138,35.45845272,35.98137536,36.50071633,37.02077364,38.37115666,38.60510949,
"Micronesia, Fed. Sts.",FSM,159.5842857,159.9257143,159.9885714,159.7214286,159.1971429,158.4857143,157.5728571,156.4742857,155.2914286,154.0971429,153.6971429,154.1242857,154.6171429,155.1557143,155.7485714,156.3742857,157.0357143,157.7571429,158.47,159.1128571,160.1514286,161.6157143,
Gabon,GAB,4.940175418,5.070788217,5.207032251,5.349470253,5.49970893,5.659770249,5.831233749,6.014569022,6.209407382,6.417285675,6.64068382,6.8789537,7.128129002,7.382411612,7.633232429,7.872538518,8.096425661,8.30603097,8.507051655,8.704098265,8.897322156,9.085958784,
United Kingdom,GBR,243.4279089,244.366854,245.4035423,246.5489067,247.9556277,249.6639772,251.5058901,253.4719258,255.4747034,257.4144174,259.4401893,261.4756748,263.3001901,265.0695366,267.0288844,269.1531393,271.2007316,273.049473,274.7089819,276.2630802,277.2753854,277.0483198,
Georgia,GEO,71.33088981,70.23291578,69.60556702,69.13705868,68.71024179,68.27511459,67.88808216,67.53486826,67.33001505,66.73464782,66.24960635,65.72030162,65.23800693,65.04195388,65.07250079,65.17505861,65.21405578,65.22278596,65.19733021,65.08556982,65.13027048,64.88348088,
Ghana,GHA,86.42657115,88.75616155,91.22934869,93.7396238,96.27513404,98.87031291,101.5143975,104.1940758,106.9090577,109.6543992,112.3965852,115.1706997,118.0397381,120.9703656,123.9182473,126.8829173,129.886187,132.8217544,135.671271,138.5351587,141.4317967,144.3000839,
Gibraltar,GIB,2774.1,2772.1,2789.2,2830.1,2871.6,2915.5,2958.7,2999.6,3039.8,3081.9,3126.2,3170.1,3216,3241.1,3245.2,3252,3256.5,3260.2,3264.8,3268.5,3270.9,3266.9,
Guinea,GIN,33.92872782,34.37130474,34.90879863,35.70020348,36.46849666,37.19727332,37.97259075,38.85349992,39.80052499,40.78350562,41.79850236,42.84434315,43.90644636,44.99198274,46.12308725,47.31400781,48.55520511,49.81600602,51.09418851,52.40737018,53.74065196,55.07042976,
"Gambia, The",GMB,142.0493083,146.1906126,150.4172925,154.7684783,159.3107708,164.0679842,169.1001976,174.3955534,179.8954545,185.5848814,191.430336,197.4517787,203.6575099,209.9672925,216.3062253,222.6416008,228.9729249,235.294664,241.5924901,247.9133399,254.347332,260.8612648,
Guinea-Bissau,GNB,43.77130156,44.71479374,45.72112376,46.78709104,47.90216927,49.06518492,50.28773115,51.58506401,52.93140114,54.30995733,55.73328592,57.21966572,58.77371977,60.3752845,61.99534139,63.61731863,65.2401138,66.85014225,68.45501422,70.07315078,71.68662873,73.28310811,
Equatorial Guinea,GNQ,24.4198574,25.64242424,26.88467023,28.15262032,29.4600713,30.82802139,32.27871658,33.82581105,35.4713369,37.20805704,39.02046346,40.80527629,42.55386809,44.34727273,46.174082,48.02042781,49.87262032,51.71814617,53.55048128,55.36652406,56.9001426,58.26973262,
Greece,GRC,83.83093871,84.2678976,84.5773623,84.77944143,84.98945694,85.23905353,85.49543832,85.71352211,85.94135764,86.16770365,86.27882855,86.1512723,85.68666408,85.06757952,84.50281614,83.94788984,83.5994647,83.43428239,83.26518231,83.17751746,82.99921645,82.55408068,
Grenada,GRD,315.9764706,317.4588235,318.3264706,319.8235294,322.1058824,324.2764706,326.4352941,328.6029412,330.8176471,333.0852941,335.4088235,337.9941176,340.9176471,343.9558824,346.9764706,349.9411765,352.8411765,355.65,358.3470588,360.9529412,363.7147059,366.5,
Greenland,GRL,0.13692289,0.137288342,0.137919357,0.138299427,0.138655135,0.138713607,0.138321355,0.137787794,0.137234742,0.137222561,0.138640517,0.138603971,0.138409063,0.137612377,0.137154343,0.136713363,0.136888781,0.136854672,0.136491656,0.136983798,0.13732976,0.138026556,
Guatemala,GTM,108.1537981,110.783548,113.3586973,115.8579134,118.3474057,120.8313923,123.3046846,125.7653695,128.2129433,130.6475364,133.0691209,135.512458,137.9427212,140.3880272,142.8360956,145.272667,147.7014744,150.1252146,152.5471258,154.946118,157.3192703,159.6654162,
Guam,GUM,296.6444444,299.1185185,301.0425926,302.5648148,303.7111111,304.5,304.9537037,305.1166667,305.0462963,304.7777778,305.3796296,306.7574074,308.1333333,309.3592593,310.2648148,311.0703704,311.7518519,312.2333333,312.3666667,312.2666667,313.3907407,315.8037037,
Guyana,GUY,3.855986792,3.85983744,3.862448565,3.863662687,3.862961646,3.859329439,3.852512065,3.843134366,3.831089662,3.816398273,3.799502159,3.780695961,3.779354839,3.796901194,3.815671831,3.835565151,3.856169672,3.877327915,3.990419101,4.057673355,4.04979426,4.087208534,
High income,HIC,31.09481864,31.28492212,31.47648786,31.66878879,31.86807071,32.07723145,32.31841488,32.58025622,32.86547997,33.10886357,33.31615224,33.45728401,33.6423905,33.83231147,34.02574878,34.21696535,34.40217967,34.57754878,34.74522439,34.89206875,35.03426038,35.19690716,
"Hong Kong SAR, China",HKG,6347.619048,6394.571429,6422.952381,6410.285714,6460.47619,6488.761905,6530.571429,6586.952381,6626.47619,6640.761905,6689.714286,6734.857143,6809.619048,6837.047619,6885.238095,6944.095238,6987.238095,7041.142857,7097.714286,7150.380952,7124.761905,7060.095238,
Honduras,HND,59.49347574,61.11235142,62.73936902,64.36572527,65.98808651,67.60758781,69.22155689,70.82368398,72.40841005,73.97713826,75.52893914,77.06232907,78.58045402,80.08452051,81.57874698,83.06823666,84.55445527,86.03844848,87.52211994,89.00553222,90.46173027,91.86115828,
Heavily indebted poor countries (HIPC),HPC,24.05322229,24.70692563,25.43864594,26.20658855,26.75998699,27.53200499,28.33566362,29.13618217,29.96215674,30.82808508,31.70214839,32.60478241,34.41748148,35.4023221,36.43345454,37.49095952,38.5854328,39.72151328,40.86744324,42.02674478,43.2109697,44.40150197,
Croatia,HRV,79.91669051,76.90016454,76.94544999,76.89584376,76.91730398,77.01638553,77.03450432,77.01767207,77.00852334,76.92768566,76.75339504,76.48884997,76.25541419,76.04333143,75.73420413,75.11264384,74.58989708,73.69971768,73.04415338,72.64050104,72.33166548,69.31736955,
Haiti,HTI,303.3463353,308.8435414,314.2796081,319.7476415,325.162881,330.6204644,336.2223512,341.8296807,347.4327649,353.071045,357.1436865,361.1869376,366.7829826,372.3224238,377.8207547,383.3003266,388.7463353,394.1779028,399.5798621,404.9505806,410.2612845,415.3689768,
Hungary,HUN,113.9362977,113.6752511,113.3520196,113.0278063,112.7777951,112.5662872,112.3911394,112.2171633,112.0208459,110.7108141,110.4608748,110.1483155,109.5809345,109.2795979,108.1138286,107.8569801,107.5391519,107.253627,107.1177296,107.0692636,106.8392395,106.3981043,
IBRD only,IBD,56.16313565,56.82793604,57.47722074,58.11142953,58.75078134,59.38225915,59.91353222,60.513302,61.12248886,61.74312597,62.35717549,62.99537781,63.67082095,64.36641367,65.05813861,65.72829435,66.371665,67.00148051,67.57805415,68.11251264,68.59475478,68.96712501,
IDA & IBRD total,IBT,53.23522551,54.01747675,54.79785747,55.57043326,56.25968333,57.03221883,57.74105596,58.50396745,59.27483283,60.06195723,60.85981993,61.68200828,62.44434164,63.2921557,64.13905968,64.9736798,65.8054615,66.64141656,67.44990809,68.239446,69.00358139,69.69300444,
IDA total,IDA,44.87324029,45.99100839,47.14597575,48.31293815,49.18651408,50.35929309,51.56363855,52.79054448,54.02112553,55.28181363,56.60239961,57.94774872,58.97434002,60.25283624,61.53864255,62.83893796,64.20370088,65.62289974,67.0874182,68.59850154,70.15997533,71.74663955,
IDA blend,IDB,84.68406997,87.02122775,89.20435053,91.32636209,93.52485774,95.74318733,98.00648702,100.361044,102.8027273,105.3468282,108.0409634,110.7178919,113.2179366,115.6326999,118.0202116,120.2343411,122.5569474,124.9806619,127.5284137,130.147127,132.8820119,135.7051749,
Indonesia,IDN,114.0187774,115.637944,117.2372114,118.8164386,120.3389127,121.8656876,123.4594308,125.0897003,126.7292331,128.3509243,129.9673521,131.6096918,133.2730561,134.8992569,136.4725262,137.9969896,139.4660624,140.8767911,142.2445488,143.5846338,144.7963882,144.6473804,
IDA only,IDX,36.34054243,37.19706586,38.13167028,39.09392435,39.75134339,40.70163178,41.68070813,42.66739516,43.64016522,44.627802,45.6565635,46.71894356,47.5010297,48.53915731,49.59123185,50.68444425,51.84623397,53.05265936,54.28774157,55.56436366,56.87700484,58.20180004,
Isle of Man,IMN,132.5649123,134.0315789,135.4087719,136.7350877,138.0298246,139.3245614,140.7508772,142.2807018,143.854386,145.4649123,147.0666667,147.9824561,147.9614035,147.6210526,147.1859649,146.654386,146.4035088,146.6315789,146.9736842,147.2508772,147.4491228,147.8298246,
India,IND,356.3962192,362.9000861,369.4056011,375.8303785,382.1701886,388.3501266,394.3151255,400.1398528,405.8720788,411.5580101,417.2668481,422.9871589,428.659862,434.2581749,439.6780929,444.931708,450.2357199,455.468934,460.4493174,465.1946394,469.6595667,473.4187327,
Not classified,INX,,,,,,,,,,,,,,,,,,,,,,,
Ireland,IRL,55.23550588,56.12197706,57.07572942,58.01307882,59.08349543,60.38487444,62.03499782,63.85457976,65.16974888,65.83502685,66.19473073,66.484018,66.76633764,67.11882712,67.61126433,68.25311366,69.0279431,69.78353898,70.65344753,71.62636087,72.36728117,73.06089418,
"Iran, Islamic Rep.",IRN,40.24189138,40.93595803,41.33642587,41.72173862,42.40138142,43.08958594,43.76075051,44.40151895,45.01485424,45.63145276,46.2768333,46.87183563,47.47442901,48.17095705,49.09358776,50.21663167,51.14702657,52.08325177,52.76891341,53.35235871,53.79981079,54.19009676,
Iraq,IRQ,56.31126506,58.13307497,60.03005007,61.8899856,63.6965224,65.61648947,66.08959691,65.53007065,66.8047214,69.73899429,71.9858054,74.54886029,77.97118945,81.73119449,84.64436295,86.97391783,89.1394773,91.26608281,93.49938267,95.74024251,98.02865514,100.2782405,
Iceland,ISL,2.805037406,2.842573566,2.86805985,2.887990025,2.913456359,2.95994015,3.030244389,3.107890274,3.166224439,3.177047382,3.172478803,3.182184539,3.199162095,3.229566085,3.265695761,3.299900249,3.346024938,3.425436409,3.498175146,3.575949618,3.634463949,3.694535357,
Israel,ISR,290.6192237,297.5508318,303.6044362,309.1358595,314.6487985,320.2449168,325.9565619,331.797597,337.7449168,345.9149723,352.2920518,358.8632163,365.5499076,372.435305,379.6534196,387.2504621,394.9168207,402.6478743,410.4805915,418.3918669,425.836414,432.7495379,
Italy,ITA,192.5554346,192.6636187,192.9507402,193.8103294,195.068704,196.0296093,196.6196816,197.6149913,198.9284758,199.8368885,200.4525156,200.797547,201.3395093,203.6871208,205.5645581,205.3665384,205.0179495,204.7109374,204.3222259,201.9805456,200.9991005,199.8859315,
Jamaica,JAM,241.200831,242.4196676,243.6051708,244.7855032,245.9855956,247.1710988,248.3527239,249.4202216,250.3576177,251.3759003,252.4373038,253.5705448,254.8307479,256.0599261,257.1138504,258.0281625,258.7899354,259.3144968,259.6338873,259.8128347,260.4280702,261.098338,
Jordan,JOR,57.30024932,58.51439257,59.78617407,61.15273119,62.69745014,64.35328649,68.85253853,73.36193336,75.16855168,76.37410453,78.07229106,80.08537959,81.23296914,86.67283172,97.52225727,106.9412706,112.2398738,115.0639896,117.8178081,120.4888055,123.0794986,125.5521544,
Japan,JPN,347.9917695,348.8312757,349.6433471,350.3923182,350.5102881,350.5432099,350.7654321,351.1687243,351.3388203,351.2949246,351.3580247,350.7078189,350.1481481,349.6433471,349.1796982,348.8093278,348.6310014,348.345679,347.9039781,347.4156379,346.3950617,344.8054678,
Kazakhstan,KAZ,5.513066637,5.503698559,5.503925621,5.522472497,5.560982331,5.610634145,5.670291143,5.735523206,5.843959699,5.960966774,6.045809534,6.132978479,6.219983702,6.310164463,6.40378005,6.498057562,6.591123088,6.681400156,6.769808497,6.85767789,6.947314887,7.038184984,
Kenya,KEN,54.20741118,55.87437713,57.59535967,59.33008047,61.13054082,62.97749236,64.87903328,66.83205011,68.8528218,70.92181888,72.94847489,74.91152265,76.82785606,78.70184489,80.528276,82.31979478,84.15270408,86.00368451,87.76980005,89.52357944,91.34093545,93.13282145,
Kyrgyz Republic,KGZ,25.53910323,25.78258603,26.02033368,26.29457769,26.61470282,26.91657977,27.20750782,27.46819604,27.73044838,28.06725756,28.40406674,28.75182482,29.2346194,29.82064651,30.42492179,31.05787278,31.69708029,32.31595412,32.96558916,33.66110532,34.30604797,34.8894682,
Cambodia,KHM,68.65420915,69.89685022,71.16348856,72.44340585,73.73878881,75.04295831,76.35270224,77.69539429,78.99324722,80.19340585,81.37056424,82.56223091,83.7675051,84.97441083,86.17050193,87.34150804,88.51452527,89.68212667,90.78426241,91.81818491,92.88953093,93.97814978,
Kiribati,KIR,109.6617284,111.7666667,114.0740741,116.4222222,118.7950617,121.1901235,123.5592593,125.9234568,128.3530864,130.8592593,133.3271605,135.6432099,137.8,139.8901235,141.9567901,144.082716,146.3123457,148.5950617,150.9395062,153.3839506,156.1271605,159.1037037,
St. Kitts and Nevis,KNA,174.85,176.8692308,177.9384615,178.5807692,179.1538462,179.7115385,180.2846154,180.8269231,181.3692308,181.8692308,182.3192308,183.0038462,183.5653846,183.7192308,183.8038462,183.8076923,183.8,183.7884615,183.6961538,183.5076923,183.2384615,183.1,
"Korea, Rep.",KOR,487.3326871,489.6647095,492.2485381,494.7554752,496.6176307,497.5174084,499.9823699,502.3074494,505.7707805,508.0139604,509.8159671,513.8042803,515.8755832,517.6122698,520.8524992,523.5255477,525.3700725,526.7348067,528.9690115,530.3772746,531.1090061,530.1729098,
Kuwait,KWT,108.580303,111.7662177,114.891358,117.9296296,120.8462963,125.4434905,132.6267677,140.6716611,148.7615039,156.8771044,165.1714927,176.421156,190.4973625,204.6306397,211.0877666,219.3458474,227.1652637,231.4760943,242.2662738,249.2199776,244.6938272,238.5024691,
Latin America & Caribbean (excluding high income),LAC,26.08898654,26.46192764,26.82772193,27.18078669,27.52793609,27.87114391,28.20657525,28.53511204,28.85667169,29.17514988,29.48194394,29.81767597,30.15429865,30.48757474,30.81275723,31.13485882,31.45910324,31.7941612,32.14195223,32.48233542,32.77831328,33.02873126,
Lao PDR,LAO,23.53055893,23.91554159,24.28986568,24.64932842,24.99205806,25.35948873,25.76513432,26.17568458,26.58518631,26.9927643,27.39782496,27.80037695,28.20105286,28.59940208,28.99243501,29.4082279,29.85859185,30.3202643,30.78425477,31.24806326,31.71316724,32.17095754,
Lebanon,LBN,422.3501466,429.0518084,434.6692082,440.3525904,447.1942326,453.8654936,461.3747801,470.1474096,477.7725318,483.9819159,488.3479961,493.1628543,506.1913001,555.1173998,613.3276637,625.5073314,611.7907136,597.1898338,581.7046921,565.1913001,553.5604106,546.6892473,
Liberia,LBR,30.0583887,30.95564784,31.77532184,32.03045058,32.41743148,33.9111088,35.87413829,37.71532392,39.28454111,40.54262874,41.73542359,43.40894934,44.97238372,45.96462832,46.9206603,47.8854755,48.85898048,49.79890988,50.76194975,51.75756852,52.81960133,53.91835548,
Libya,LBY,2.929623652,2.998463235,3.072010866,3.15005115,3.232414722,3.31790468,3.394846949,3.465210794,3.539771759,3.614689635,3.689593871,3.516903282,3.336025325,3.4015828,3.465544404,3.519235141,3.570362708,3.624959364,3.681526422,3.733412142,3.781637246,3.827862396,
St. Lucia,LCA,261.4754098,263.2688525,265.2442623,267.2901639,269.2442623,271.1245902,272.9016393,274.6196721,276.3540984,278.1770492,280.2213115,282.204918,283.8098361,285.2098361,286.5639344,287.9065574,289.2016393,290.4311475,291.6196721,292.7590164,293.8311475,294.5098361,
Latin America & Caribbean,LCN,26.00916251,26.37873893,26.74168675,27.09300001,27.43832876,27.77967824,28.11323365,28.43995091,28.75998865,29.07692987,29.38308754,29.71280193,30.04389415,30.37203621,30.69227297,31.00869739,31.32209484,31.62831081,31.91920078,32.20328032,32.46474002,32.68660735,
Least developed countries: UN classification,LDC,32.8917973,33.6906204,34.56616006,35.47022562,36.09250732,36.9860926,37.89142365,38.7842928,39.68840579,40.62861069,41.60454251,42.62101874,43.40364181,44.47055709,45.56211686,46.66649651,47.81120657,48.98900103,50.17571563,51.38656492,52.63930013,53.90535305,
Low income,LIC,26.43691723,27.15076859,27.96942898,28.82946644,29.36698177,30.22406838,31.14229441,32.07906279,33.01140375,33.96672891,34.94238198,35.94085685,36.62189486,37.56012645,38.50065201,39.48188998,40.53375967,41.63674343,42.78411285,43.99731646,45.23838615,46.47243147,
Liechtenstein,LIE,206.4125,208.6,210.58125,212.5,214.375,216.26875,218.05625,219.6875,221.25625,222.96875,224.5375,226.18125,228.15625,230.0375,231.85,233.46875,235.05625,236.80625,238.63125,240.5125,242.225,243.99375,
Sri Lanka,LKA,299.4158986,301.7106522,304.7473609,307.8166162,310.8025993,313.7277308,316.8666241,320.1826662,323.4833838,326.6221815,329.5894913,332.6382236,335.1482539,336.9758571,338.6933025,344.7352205,346.1699061,347.4837704,350.284495,352.4316946,354.3323634,358.1635952,
Lower middle income,LMC,94.13096873,95.93324294,97.69760857,99.41490409,101.1944027,102.9354452,104.6551223,106.3896834,108.1137731,109.8561132,111.6640964,113.4990578,115.3151832,117.1603969,119.0273943,120.8477783,122.6709697,124.5160446,126.3056121,128.0612474,129.8049831,131.4758172,
Low & middle income,LMY,53.80936834,54.61252437,55.41349945,56.20352303,56.90707543,57.69678462,58.42033903,59.20189543,59.99181353,60.79657073,61.61316879,62.45298812,63.23080641,64.09918951,64.96524907,65.81911733,66.67121451,67.53097198,68.36761639,69.1859577,69.97607758,70.69046993,
Lesotho,LSO,65.83102767,65.85879447,65.79492754,65.64657444,65.39472991,65.13254282,65.1113307,65.33152174,65.71192358,66.17816206,66.62539526,67.11716074,67.6784585,68.31156126,69.01324111,69.78000659,70.61501976,71.49594862,72.39845191,73.31034256,74.24571805,75.14670619,
Late-demographic dividend,LTE,46.06493945,46.39643773,46.70863395,47.00553059,47.3051933,47.60562079,47.80449221,48.11079938,48.42398514,48.73408478,49.02367762,49.33237317,49.68876357,50.04970794,50.39882834,50.72231535,51.03525421,51.3569517,51.63391983,51.86990341,52.04843585,52.1513776,
Lithuania,LTU,55.83178047,55.373612,54.93087109,54.48648692,53.87803127,53.00778558,52.1682993,51.55223357,51.02881532,50.46535301,49.4181412,48.31533012,47.67165013,47.19088951,46.80553871,46.36727853,45.78766642,45.15258377,44.73164618,44.6205206,44.63246567,44.73469094,
Luxembourg,LUX,169.4724331,171.5019849,173.3081889,175.4270799,177.9382861,180.681774,183.5868493,186.4441475,189.8067944,193.3543345,196.9162465,201.342029,206.2358708,211.0578529,216.0915299,221.2518353,226.0722637,231.6353721,236.1466094,240.827591,244.8742649,248.6206816,
Latvia,LVA,38.04698925,37.55877674,37.12492969,36.76788211,36.36881097,35.97793562,35.6494287,35.35965096,34.98998827,34.41703762,33.70811706,33.09992447,32.69190223,32.34362897,32.04046475,31.77924374,31.49014094,31.21230334,30.97006123,30.75549199,30.53911297,30.2826611,
"Macao SAR, China",MAC,21594.8,16889.30769,16654.25926,17130.85185,16983.17857,17450.67857,17547.65734,17648.28767,18117.73973,18407.49153,18764.20875,19097.0903,19490.50167,19583.30033,19939.50495,20238.125,20547.14754,20734.05844,19786.96049,20171.82371,20555.71429,20806.27273,
St. Martin (French part),MAF,,,,,,,,,,,,727,720.52,712.78,705.22,700.4,696.22,689.92,677.04,662.42,651.06,638.96,
Morocco,MAR,63.98031593,64.82208604,65.65497871,66.46038539,67.29358055,68.18709836,69.08586601,69.98125252,70.88279633,71.79672194,72.74224737,73.72551871,74.73038091,75.74171409,76.73897154,77.70660542,78.66292628,79.6059041,80.50080887,81.34530137,82.20652476,83.0754739,
Monaco,MCO,16016.28022,16005.92008,15977.30636,15942.77257,15903.30538,15856.43809,15792.3039,15699.55599,15718.79625,15984.70646,16368.03157,16746.42329,17118.89492,17476.56635,17814.50419,18135.17514,18288.60385,18275.28367,18267.88357,18270.35027,18215.0962,17603.64683,
Moldova,MDA,101.8444824,101.6169865,101.381934,101.1320584,100.8469896,100.5668883,100.287778,100.0556619,99.86538796,99.73937411,99.77878482,99.72109318,99.67327595,99.57718425,99.51648849,98.75606783,97.61416583,95.90938838,94.25439467,92.75609357,91.74732605,90.78345541,
Madagascar,MDG,27.88532345,28.73347491,29.59716271,30.47823022,31.38352306,32.31449427,33.27423565,34.26240327,35.27461396,36.31236372,37.36811397,38.41242706,39.47479782,40.54326745,41.62250945,42.71383981,43.83283087,44.98030595,46.14393434,47.32405294,48.51353902,49.70033173,
Maldives,MDV,941.69,957.7466667,974.28,990.7533333,1007.116667,1023.393333,1048.003333,1083.753333,1122.943333,1163.456667,1205.25,1248.133333,1291.796667,1335.76,1389.126667,1451.94,1514.173333,1574.806667,1632.526667,1681.693333,1714.793333,1738.19,
Middle East & North Africa,MEA,28.59703401,29.18976996,29.74720543,30.30582866,30.91422324,31.57492961,32.30267216,33.07677182,33.8757063,34.68857003,35.46064254,36.17766337,36.89687428,37.67024468,38.46133303,39.2491182,39.99852887,40.73119916,41.46116456,42.1857386,42.78880519,43.34161975,
Mexico,MEX,50.34771573,51.13006404,51.91341393,52.69134546,53.47144371,54.24131382,54.98433087,55.71283881,56.42351346,57.12566064,57.88852645,58.72089354,59.54675223,60.33626688,61.08999048,61.80709226,62.51149515,63.190544,63.79477919,64.34595077,64.81560843,65.17921654,
Marshall Islands,MHL,301.2444444,302.2944444,302.7555556,302.7388889,302.4166667,301.8722222,301.1555556,300.2111111,298.9777778,297.7388889,296.7555556,294.2833333,290.0166667,285.2888889,280.1055556,274.5,268.4944444,262.15,255.4944444,248.4888889,241.1833333,233.6111111,
Middle income,MIC,58.83779403,59.65741553,60.45532679,61.23198951,62.01809171,62.7951294,63.47613504,64.22896278,64.99252571,65.76955322,66.55688262,67.3673701,68.20494597,69.06045549,69.91263943,70.74245882,71.55723413,72.37192233,73.15048004,73.89505357,74.60103419,75.21740531,
North Macedonia,MKD,79.68344475,80.01895399,79.43991349,79.70007865,79.92701534,80.09653952,80.22917814,80.99718589,81.12952834,81.31130056,81.48310864,81.62327518,81.72260111,81.84107851,81.97743854,82.08667724,82.17644726,82.25622522,82.3242268,82.34314036,82.17807296,81.88310864,
Mali,MLI,9.210943378,9.493459215,9.79573673,10.11495341,10.45082733,10.80204804,11.16509806,11.53993394,11.92528787,12.31991329,12.72685483,13.14527574,13.53452085,13.93556167,14.38449258,14.84433326,15.32556897,15.82651472,16.33704423,16.85591916,17.39404519,17.95210828,
Malta,MLT,1219.021875,1228.2125,1237.403125,1245.56875,1253.9625,1261.98125,1266.5875,1271.0125,1279.309375,1288.990625,1295.3375,1300.8375,1312.5875,1331.146875,1357.99375,1390.790625,1422.9875,1462.496875,1514.46875,1575.19375,1610.4125,1620.425,
Myanmar,MMR,69.6794871,70.40858402,71.12071182,71.80018515,72.44719476,73.04467828,73.58910738,74.13032042,74.58861184,75.02806674,75.60693751,76.22116059,76.88614407,77.55303179,78.20241931,78.83253047,79.49439168,80.10469705,80.6894653,81.2627731,81.85330718,82.42769547,
Middle East & North Africa (excluding high income),MNA,32.84371594,33.49677173,34.10643676,34.71906233,35.39511068,36.08957857,36.78745851,37.49281473,38.21158565,38.96120105,39.72945328,40.4766611,41.22534185,42.04450007,42.90621227,43.76038009,44.56088093,45.35207611,46.13586951,46.93303665,47.69167476,48.41396177,
Montenegro,MNE,,,,,,,45.7267658,45.78996283,45.87130112,45.96981413,46.05412639,46.10252788,46.14133829,46.18639405,46.23122677,46.25717472,46.26788104,46.2730855,46.26223048,46.24743494,46.19375465,46.03799257,
Mongolia,MNG,1.58389404,1.597866806,1.612093951,1.61862518,1.632705307,1.64641174,1.657341764,1.673008949,1.691137106,1.71221361,1.735396621,1.762038574,1.79312603,1.827033182,1.864066499,1.903829648,1.945445172,1.988132454,2.031774501,2.075718988,2.115133618,2.149449088,
Northern Mariana Islands,MNP,174.6478261,172.7804348,167.7434783,162.223913,156.3,150.0543478,143.6086957,137.0652174,130.5043478,124.0347826,117.5804348,114.173913,113.823913,113.35,112.7304348,111.9869565,111.1586957,110.2804348,109.3565217,108.3869565,107.7978261,107.5673913,
Mozambique,MOZ,22.59531651,23.17037056,23.77342506,24.39883263,25.04439457,25.70145985,26.36890816,27.06136092,27.77991683,28.53157507,29.34169613,30.21493553,31.13966657,32.11135965,33.11211374,34.13520944,35.22024085,36.33032503,37.41686971,38.51267199,39.64780259,40.79080343,
Mauritania,MRT,2.614730765,2.679560493,2.737656932,2.797444455,2.858809547,2.922635102,2.989452799,3.059578927,3.137029203,3.223649947,3.317610362,3.41927719,3.527809256,3.631472785,3.728702823,3.828679538,3.931202096,4.03610653,4.143506355,4.253273503,4.364610459,4.477514311,
Mauritius,MUS,584.6665025,589.3039409,593.4093596,597.7192118,601.4793103,605.0512315,607.879803,610.6551724,612.8674877,614.4970443,615.9605911,627.1427141,628.8843265,630.4091137,631.551327,632.3880821,632.8227341,633.3935904,633.7391087,633.9434151,633.9579369,634.1181773,
Malawi,MWI,119.1067777,121.9645524,124.9946754,128.2134599,131.6434238,135.2953755,139.1419919,143.1423738,147.3209907,151.6645312,156.1139372,160.6501273,165.2657085,169.9700361,174.7768986,179.6663343,184.6162919,189.6602355,194.8226877,200.1202482,205.5267395,210.9645948,
Malaysia,MYS,69.83761984,71.6558119,73.48179881,75.29877035,77.10621519,78.9028641,80.68608431,82.4611292,84.20117486,85.88404809,87.40749049,88.82706742,90.27609801,91.72061178,93.15616801,94.56348501,95.95622584,97.32401765,98.61290823,99.84483336,101.0500472,102.1880201,
North America,NAC,17.26155671,17.43490526,17.60016867,17.75281477,17.91800007,18.08431105,18.26034701,18.43519184,18.62779025,18.79671269,18.9585349,19.1015376,19.24890687,19.38975659,19.5377713,19.68232095,19.83351883,19.97073698,20.0941818,20.20613928,20.40419948,20.64664493,
Namibia,NAM,2.209599291,2.254857948,2.293875791,2.326549575,2.355677829,2.384172041,2.412950479,2.443236284,2.47610441,2.511774709,2.549856065,2.590022957,2.632693219,2.677683441,2.724436104,2.772660909,2.822033548,2.872054805,2.922032334,2.971788799,3.023355075,3.073219643,
New Caledonia,NCL,11.66466083,11.88862144,12.11652079,12.32472648,12.51367615,12.70514223,12.89660832,13.0880744,13.27954048,13.45459519,13.66247265,13.91411379,14.16849015,14.42286652,14.66356674,14.74070022,14.78227571,14.81455142,14.83424508,14.8380744,14.904814,15.02516411,
Niger,NER,9.175546696,9.498247415,9.833833583,10.1845662,10.55252625,10.93804453,11.34062367,11.76116918,12.20113286,12.66117865,13.14245125,13.64420305,14.17415884,14.72582222,15.29329281,15.89020605,16.51673088,17.16106576,17.82352412,18.5074548,19.2102621,19.93583485,
Nigeria,NGA,134.8880442,138.5121139,142.2785401,146.1618202,150.1551962,154.2548854,158.4700462,162.8226973,167.3117318,171.9377647,176.7217333,181.6745666,186.738619,191.8443987,196.9531451,202.0222284,207.1510162,212.4530968,217.8240643,223.222649,228.737667,234.3086872,
Nicaragua,NIC,42.57289347,43.15077281,43.70122985,44.23352169,44.75837627,45.32722287,45.95156224,46.59675087,47.26395214,47.95279209,48.65991358,49.38136114,50.1130713,50.85074788,51.5927871,52.34001994,53.09319428,53.85185308,54.61386904,55.37580189,56.14006149,56.92654147,
Netherlands,NLD,471.7272808,475.3015403,478.3450533,480.6072867,482.2801836,483.4084123,484.1854562,485.2398104,487.1324941,490.0796917,492.5998814,495.0496441,496.8849941,498.7958445,500.5938854,503.1162162,505.8008316,508.8,511.7797446,515.1432729,518.013068,520.7319275,
Norway,NOR,12.29579952,12.35817974,12.4250063,12.49809716,12.57217093,12.65808884,12.76044781,12.89317005,13.05486743,13.22054846,13.38626233,13.56103865,13.74032975,13.91208868,14.07044491,14.20793848,14.33542438,14.45257626,14.54888964,14.6479975,14.76721523,14.84700909,
Nepal,NPL,171.3254273,174.09188,176.7155773,179.1622463,181.4019184,183.3631671,184.9945657,186.3526683,187.5238507,188.5381304,189.4772724,190.2085734,190.657091,191.011894,191.5738123,192.6077782,194.3577677,196.6056924,198.8609138,201.1335612,204.7340565,209.5220719,
Nauru,NRU,518.85,518.15,517.55,517.2,516.75,515.9,514.7,513.35,512.15,511.65,512.05,514.15,522.2,534.7,547,559.25,571.85,584.1,596.2,606.6,615.75,625.55,
New Zealand,NZL,14.65079184,14.73738179,14.99563252,15.29451977,15.5235274,15.69974555,15.89229425,16.0411682,16.17788918,16.34043523,16.52310964,16.64957654,16.74110364,16.87022901,17.15278569,17.50560176,17.90323193,18.28111352,18.61152254,18.91003,19.33158634,19.41209981,
OECD members,OED,33.79773775,34.05325098,34.31045641,34.56436029,34.82007881,35.0722374,35.33200845,35.60112154,35.88779221,36.1356762,36.36857747,36.55312142,36.78005366,37.0168695,37.26779472,37.51447421,37.75131128,37.98057952,38.19383546,38.38202943,38.58846365,38.84724338,
Oman,OMN,7.574323102,7.672546042,7.766264943,7.856542811,7.976914378,8.126630048,8.273502423,8.419063005,8.565518578,8.715789984,9.311515347,10.36145396,11.42351858,12.3317609,12.95401292,13.54370275,14.21024233,14.67481099,14.86642003,14.8716252,14.67980291,14.60572213,
Other small states,OSS,10.61874276,10.80989221,11.00019219,11.18935495,11.39520617,11.62510187,11.83610597,12.16222581,12.49583985,12.81023274,13.08218545,13.33199847,13.60004629,13.89231969,14.22870632,14.57984597,14.91875259,15.23438909,15.5028737,15.75438635,15.93942309,16.1002536,
Pakistan,PAK,200.2515619,206.5402229,211.7875765,216.4755604,221.3685917,226.1987573,230.9957244,235.9959021,241.1944207,246.6314109,252.2500233,257.6311981,262.3052369,266.3677382,270.1479193,273.6733318,276.9884288,280.6917484,285.0397974,289.6602325,294.7238753,300.179168,
Panama,PAN,40.37841001,41.17600215,41.9826473,42.79806295,43.62807372,44.46957224,45.31306161,46.16107076,47.01743341,47.87924401,48.74383912,49.61896691,50.50930858,51.40645682,52.46617647,53.3877361,54.32185645,55.2625877,56.15064707,57.05758965,57.89156107,58.65822324,
Peru,PER,20.82378047,21.10539766,21.35508047,21.58073516,21.79211797,21.99005234,22.17271719,22.34405234,22.50483203,22.66353594,22.83560313,23.02946953,23.24186641,23.46781953,23.71402422,23.99364297,24.32248359,24.69178594,25.15933125,25.64442266,26.01934063,26.34021172,
Philippines,PHL,261.4556226,267.0492873,272.6148573,278.1729785,283.7559144,289.3022437,294.8044237,300.3701814,306.0412718,311.7246906,317.3917564,323.09727,328.7799477,334.3733675,339.8235939,345.5457122,351.7297716,357.9786732,364.1172351,370.1941979,376.2651407,381.9308717,
Palau,PLW,42.8826087,43.10434783,43.15434783,43.2173913,43.27608696,43.11086957,42.65,42.1,41.52608696,40.92608696,40.30434783,39.65217391,39.01304348,38.70652174,38.68695652,38.6826087,38.73043478,38.77608696,38.83478261,38.94782609,39.06956522,39.1826087,
Papua New Guinea,PNG,12.16335512,12.58333481,13.01195955,13.45002871,13.8964934,14.35061167,14.81300402,15.28301462,15.76201917,16.2498123,16.74528331,17.23852184,17.72412004,18.20789427,18.69044075,19.1718721,19.65103785,20.12718279,20.60068675,21.0716027,21.52903767,21.970227,
Poland,POL,124.9098208,124.8753665,124.8175389,124.7536899,124.6440832,124.5893154,124.5144522,124.446853,124.4719523,124.5644606,124.2092007,124.2962969,124.3000588,124.2291107,124.1442732,124.0615696,124.008253,124.0237304,124.0315838,124.0255954,123.8005749,123.3163149,
Pre-demographic dividend,PRE,27.42548476,28.20127812,29.05856672,29.95378297,30.81070138,31.72802345,32.65052458,33.55293335,34.52729796,35.57876957,36.63793707,37.73681781,38.64426267,39.81261906,40.99084605,42.17005922,43.37504415,44.610805,45.86538766,47.14739616,48.46269902,49.78379646,
Puerto Rico,PRI,429.6059752,430.5269448,431.0824126,431.3523112,431.4405862,430.8187148,428.9981962,426.4932356,423.9984216,421.692221,419.5631342,414.7386697,409.7506201,405.0819617,398.5201804,391.5706877,384.0667418,374.8913191,360.0173619,360.0556933,369.9613303,367.834611,
"Korea, Dem. People's Rep.",PRK,194.062445,195.2705091,196.316012,197.5060792,198.8948592,200.1576447,201.2769787,202.2797608,203.2144091,204.1484013,205.0198073,205.8283282,206.6918861,207.6390582,208.6714642,209.7667553,210.8596545,211.9119757,212.9237522,213.8978573,214.8282286,215.695615,
Portugal,PRT,112.4579016,113.2537923,113.8757486,114.3040546,114.5777158,114.8281404,115.0353996,115.2614409,115.4277577,115.3864723,115.4394585,115.2697893,114.8034065,114.1561287,113.5417704,113.0725196,112.7163842,112.4418158,112.261936,112.2885828,112.406676,112.7130547,
Paraguay,PRY,12.89659955,13.11739492,13.30609615,13.47408507,13.63283161,13.78524541,13.93071986,14.07033728,14.20877926,14.35331991,14.51953939,14.70913416,14.90894035,15.11616411,15.3302819,15.5498364,15.77300529,15.99648628,16.21779008,16.43600805,16.65918701,16.8733929,
West Bank and Gaza,PSE,485.4074751,497.9707641,510.8593023,524.0812292,537.645515,551.5607973,565.8362126,580.4810631,596.6739203,612.8071429,628.9303987,645.0142857,661.1292359,677.1940199,693.2554817,709.317608,725.4299003,740.0008306,758.9845515,778.2900332,797.8852159,817.0537759,
Pacific island small states,PSS,31.7082866,32.15253894,32.58425234,33.00813084,33.42897196,33.84426791,34.26074766,34.67411215,35.07018692,35.45403427,35.8473676,36.2505296,36.65199377,37.05714953,37.4658567,37.87267913,38.28370717,38.72584567,39.13056898,39.53343726,40.01276695,40.56388153,
Post-demographic dividend,PST,32.55760373,32.7137312,32.88005781,33.04276073,33.21240118,33.37930059,33.55973339,33.75574154,33.97545749,34.14854941,34.30528236,34.39883224,34.54226203,34.69590583,34.85322961,35.00951085,35.15646186,35.2905321,35.4151763,35.51675532,35.64889701,35.82288266,
French Polynesia,PYF,72.29242293,73.47997695,74.65773552,75.82051282,76.96110631,78.09276865,79.19936618,80.1434745,80.82915586,81.3261308,81.75972342,82.18524921,82.56525497,82.98242581,83.51282051,84.06424661,84.56957649,85.11956209,85.74070873,86.34889081,86.98357822,87.5920484,
Qatar,QAT,55.63626184,58.46950904,61.42859604,64.47243755,67.00628768,73.10163652,87.42980189,106.1062016,124.3993971,138.6971576,147.5886305,155.3980189,164.1395349,175.3230835,192.729765,210.1456049,225.8630113,236.0100087,240.7947781,244.3198433,240.2423847,233.9630113,
Romania,ROU,97.70132341,96.34743807,94.53384957,93.82181344,93.26846957,92.70234368,92.15479607,90.83901866,89.33394954,88.53119621,88.01074114,87.53324934,87.20126511,86.87429031,86.53068063,86.12489569,85.63224531,85.13871262,84.63999478,84.19527121,83.73283206,83.10100834,
Russian Federation,RUS,8.949015709,8.911633753,8.870461463,8.830278652,8.794658032,8.761088894,8.734394184,8.71946398,8.716095689,8.718720305,8.722635522,8.729440241,8.744144699,8.762785258,8.78187755,8.798804045,8.813796348,8.823220738,8.822067892,8.817695994,8.797354989,8.759261446,
Rwanda,RWA,328.7389137,333.3579651,339.3719497,347.304094,356.3783137,365.8815971,375.7627077,386.0222132,396.5138225,407.1235103,417.8772193,428.7366032,439.4136198,449.9939197,460.8208756,471.9480746,483.6197406,495.7575598,507.9776246,520.2686664,532.8886096,545.6784759,
South Asia,SAS,294.7945877,300.5291954,306.3447502,312.0623388,317.6943699,323.0519872,328.2142696,333.1528552,338.0270384,342.9951395,348.0537814,353.1579797,358.148336,362.964397,367.6482476,372.2215495,376.7323901,381.3148119,385.8461736,390.2620415,394.6507887,398.7135762,
Saudi Arabia,SAU,10.02348711,10.27400648,10.52403602,10.76938861,11.00707916,11.34937782,11.80768855,12.28087213,12.76339984,13.25018817,13.68193972,14.02571766,14.33766869,14.64513395,14.94427755,15.23468407,15.54469249,15.90607111,16.28985249,16.66629235,16.7452549,16.72352572,
Sudan,SDN,11.06850715,11.34143645,11.60366919,11.86404756,12.13449074,12.43290278,12.76640067,13.12759386,13.4954718,13.8670686,14.2003085,14.48637374,18.82215846,19.26697216,19.80901767,20.43424946,21.07985493,21.77720985,22.4834363,23.14351874,23.79041006,24.44175696,
Senegal,SEN,50.40402535,51.61806991,52.87981094,54.19676933,55.56895549,56.99920532,58.50198411,60.06268633,61.66794266,63.34092869,65.08139511,66.87726588,68.72608425,70.6153119,72.56172025,74.56594297,76.61848024,78.72951228,80.89601101,83.10798837,85.36913728,87.6576118,
Singapore,SGP,6011.771642,6176.137313,6186.592593,5989.557496,6047.407837,6191.236575,6342.024496,6602.300719,6913.422857,7125.104286,7231.811966,7363.193182,7524.6983,7636.721358,7714.702398,7806.77292,7908.720733,7882.377809,7897.305322,7965.878492,7918.951253,7595.495822,
Solomon Islands,SLB,15.36184352,15.73401215,16.10432297,16.47788496,16.8554841,17.23779921,17.628796,18.02854591,18.43519114,18.85791354,19.30668096,19.78281529,20.28449446,20.80618078,21.34244373,21.88853162,22.44022865,22.99514112,23.55301894,24.11550554,24.69421222,25.28942479,
Sierra Leone,SLE,63.50882516,67.29143807,71.21242727,74.13282073,76.66014131,78.73834857,80.49008035,82.28266833,84.38431699,86.72543641,89.17564422,91.60965641,94.05080355,96.49292048,98.92889997,101.3407177,103.8225686,106.3669299,108.9121779,111.482793,114.0755057,116.661693,
El Salvador,SLV,287.5715251,289.0007239,290.1194498,290.8710907,291.2960907,291.4004344,291.2372587,291.7051641,292.8619208,293.9762548,295.078861,296.2041023,297.3595077,298.5348456,299.6875483,300.7271236,301.6655405,302.4446911,302.9122587,303.0992761,303.7032336,304.7377896,
San Marino,SMR,447.05,455.5833333,466.15,476.6833333,484.8833333,491.8,499.3166667,506.2,511.6666667,517.65,526.8,541.5833333,552.2,554.75,556.4833333,559.5,563.9,567.6,569.2666667,569.6333333,566.7833333,562.4166667,
Somalia,SOM,13.90229381,14.45906048,15.00159881,15.55501164,16.12738547,16.68519782,17.19159148,17.72259381,18.24348838,18.69805369,19.17086269,19.47402844,19.83027704,20.48727165,21.21534575,21.94010584,22.78325469,23.6940431,24.56577613,25.47470271,26.36053177,27.20308126,
Serbia,SRB,,,,,,,84.74238509,84.39948548,84.04095587,83.70463069,83.3688086,82.7132289,82.31279442,81.91324034,81.5295678,81.12717814,80.70343014,80.27507432,79.8376858,79.41041619,82.04454751,81.27394458,
Sub-Saharan Africa (excluding high income),SSA,28.41738222,29.17740582,29.96196741,30.77041009,31.40956361,32.26921369,33.15830932,34.08011634,35.03203324,36.00998022,37.01495388,38.04488182,38.89587983,39.97446591,41.0799476,42.21797362,43.36720352,44.52786262,45.72152466,46.94141182,48.18686459,49.43674455,
South Sudan,SSD,,,,,,,,,,,,,16.93479341,17.57478043,17.74450335,17.71446046,17.51159939,16.86614973,16.45012739,16.53294827,16.78386372,17.00864336,
Sub-Saharan Africa,SSF,28.42026395,29.18027576,29.96492881,30.77331586,31.41242596,32.27207551,33.16122723,34.08303462,35.03501402,36.01295646,37.01801459,38.04782458,38.89882701,39.97746123,41.08298065,42.22107098,43.37033141,44.53101696,45.72469449,46.94459428,48.19005812,49.43994733,
Small states,SST,12.08063688,12.26516411,12.44882997,12.63131119,12.82771085,13.04188711,13.23305696,13.524805,13.82167602,14.10306279,14.35016422,14.57944403,14.82536199,15.09143776,15.39333767,15.70647417,16.00861632,16.2915968,16.54826505,16.78271509,16.95360589,17.11324803,
Sao Tome and Principe,STP,149.7020833,152.3520833,156.084375,160.16875,164.2677083,168.4166667,172.6302083,176.921875,181.2541667,185.55,189.7270833,193.7958333,197.8375,201.8302083,205.7260417,209.5041667,213.1583333,216.7041667,220.15,223.540625,227.7510417,232.403125,
Suriname,SUR,3.0705,3.124320513,3.177346154,3.229358974,3.272897436,3.309102564,3.346301282,3.384269231,3.422679487,3.461455128,3.500512821,3.539397436,3.577634615,3.615044872,3.651807692,3.688942308,3.727262821,3.766403846,3.805865385,3.848083333,3.891442308,3.929391026,
Slovak Republic,SVK,112.0316008,111.8267568,111.7861123,111.6893369,111.6898129,111.7007692,111.7059044,111.7385031,111.8343659,112.006779,112.1088769,112.2605224,112.4517343,112.5726377,112.7006864,112.8031488,112.9533694,113.1287854,113.2855865,113.4389975,113.5363353,113.2954867,
Slovenia,SVN,98.75496524,98.91062562,99.03326713,99.09299901,99.15650447,99.32840119,99.64587885,100.2046673,100.3323704,101.2453712,101.6858266,101.8982925,102.1140492,102.2816783,102.3823237,102.4461092,102.5241783,102.6108719,102.9922926,103.7119346,104.4088814,104.6899644,
Sweden,SWE,21.78061456,21.83916765,21.91035639,21.99203515,22.07869992,22.16717889,22.29221704,22.45813998,22.63377962,22.82742144,23.02286274,23.19737801,23.36962,23.5684835,23.80349865,24.05826177,24.36244975,24.69294198,24.98145887,25.23766548,25.42072337,25.57385697,
Eswatini,SWZ,59.91255814,60.54627907,61.09354651,61.55796512,61.96302326,62.31895349,62.65901163,63.02372093,63.36453488,63.65616279,63.94883721,64.26575581,64.61883721,65.01854651,65.45726744,65.92651163,66.42581395,66.94127907,67.46674419,68.00075581,68.64273256,69.3180814,
Sint Maarten (Dutch part),SXM,,,,,,,,,,,,983.3823529,1018.823529,1076.676471,1108.382353,1141.911765,1175.558824,1193.352941,1202.794118,1223.764706,1244.411765,1260.176471,
Seychelles,SYC,176.3717391,176.526087,182.0065217,179.9586957,179.2934783,180.126087,183.9130435,184.8543478,189.0347826,189.7782609,195.1521739,190.0891304,191.9630435,195.5413043,198.6065217,203.0847826,205.8195652,208.3543478,210.3521739,212.2282609,214.0478261,215.7782609,
Syrian Arab Republic,SYR,88.73465013,91.02159103,93.39439003,95.92764312,98.51286703,101.2341723,105.8215379,112.7369037,116.9356295,118.8587454,121.64441,123.7855089,123.1039427,117.0605075,109.3080216,104.5862768,103.274258,103.3783859,105.2848826,109.4497141,113.1220117,116.1268148,
Turks and Caicos Islands,TCA,19.73052632,20.60842105,21.68210526,22.88315789,24.07263158,25.25789474,26.45052632,27.65052632,28.86526316,30.08526316,31.29052632,32.43789474,33.76947368,35.36210526,36.82631579,38.46105263,40.25894737,41.94105263,43.67052632,45.34736842,46.60631579,47.48842105,
Chad,TCD,6.559035102,6.781134053,7.019035102,7.303340216,7.634611658,7.945530496,8.231904384,8.515510642,8.81405972,9.129707751,9.446257147,9.782187103,10.12937262,10.49616105,10.87764136,11.22956957,11.58877462,11.9805305,12.39216169,12.80723158,13.21847284,13.64337675,
East Asia & Pacific (IDA & IBRD countries),TEA,113.1309275,114.1998312,115.2283907,116.164336,117.1224095,118.0527152,118.9624856,119.875521,120.7796791,121.6725436,122.554975,123.4994898,124.5639044,125.6199471,126.6300561,127.5981132,128.563807,129.5488147,130.3988825,131.1394378,131.7600186,132.0851995,
Europe & Central Asia (IDA & IBRD countries),TEC,19.03913586,19.0225794,19.00834999,19.01193697,19.02549188,19.04293849,18.98645731,19.01636402,19.06692453,19.13752881,19.21758953,19.30690987,19.39817931,19.50546972,19.62258513,19.73590249,19.84319805,19.93030995,19.99301952,20.0532011,20.10081034,20.11208146,
Togo,TGO,92.07639272,94.60242692,97.10494576,99.6690752,102.3206104,105.0118956,108.0022063,111.1883986,114.4048906,117.6433903,120.8283692,124.0792793,127.3512594,130.6532267,134.0022614,137.4007906,140.8596065,144.3793896,147.944089,151.5553227,155.2230189,158.941515,
Thailand,THA,123.444583,124.5862945,125.707256,126.7923741,127.8380199,128.8366576,129.8117501,130.8045842,131.7861751,132.7363111,133.6305056,134.4963613,135.3657793,136.1909648,136.939347,137.5920394,138.2039911,138.7739083,139.2233201,139.5755701,139.9042142,140.1497446,
Tajikistan,TJK,44.81993427,45.79029723,46.74017576,47.67427837,48.59391255,49.50803801,50.42452844,51.36032438,52.33371678,53.36236067,54.45683767,55.62174193,56.84754215,58.13525293,59.99414927,61.41698249,62.86705094,64.30956841,65.7693782,67.27432092,68.76004755,70.25047914,
Turkmenistan,TKM,9.723005554,9.86337114,9.999293512,10.12701466,10.25640415,10.39681442,10.54205733,10.69285638,10.85285681,11.02495478,11.2101164,11.40767987,11.61594706,11.83175154,12.05105441,12.2708297,12.48815994,12.70057881,12.90631796,13.10497308,13.30078522,13.49531845,
Latin America & the Caribbean (IDA & IBRD countries),TLA,25.37482083,25.74441523,26.10601436,26.4573117,26.80282627,27.14489748,27.47990522,27.80865123,28.13082199,28.44983728,28.75792151,29.09236577,29.42642226,29.75387006,30.07768759,30.39838647,30.71638788,31.02812527,31.32759983,31.61378378,31.87315673,32.09956057,
Timor-Leste,TLS,59.06926698,60.05386685,61.17276395,62.32151984,63.61728312,65.18581036,66.88392737,68.55158036,70.1463349,71.65702757,73.2001345,74.84707465,76.50813719,78.1139879,79.67921991,81.09031607,82.35117687,83.6069267,84.85843981,86.10880968,87.42400807,88.83268325,
Middle East & North Africa (IDA & IBRD countries),TMN,32.52831202,33.17306724,33.7741748,34.3780051,35.04507028,35.73032401,36.41874373,37.11438541,37.82237184,38.56114956,39.31869672,40.0552127,40.79318098,41.60170099,42.45281658,43.29638211,44.08620823,44.86744544,45.63854143,46.42279683,47.1682934,47.87726576,
Tonga,TON,142.5041667,143.3472222,144.1722222,145.0138889,145.8833333,146.7125,147.4861111,148.1083333,148.5166667,148.8111111,149.1430556,149.4597222,149.3083333,148.7347222,148.0916667,147.3916667,146.8152778,146.4097222,146.0416667,145.7652778,146.1861111,147.2458333,
South Asia (IDA & IBRD),TSA,294.7945877,300.5291954,306.3447502,312.0623388,317.6943699,323.0519872,328.2142696,333.1528552,338.0270384,342.9951395,348.0537814,353.1579797,358.148336,362.964397,367.6482476,372.2215495,376.7323901,381.3148119,385.8461736,390.2620415,394.6507887,398.7135762,
Sub-Saharan Africa (IDA & IBRD countries),TSS,28.42026395,29.18027576,29.96492881,30.77331586,31.41242596,32.27207551,33.16122723,34.08303462,35.03501402,36.01295646,37.01801459,38.04782458,38.89882701,39.97746123,41.08298065,42.22107098,43.37033141,44.53101696,45.72469449,46.94459428,48.19005812,49.43994733,
Trinidad and Tobago,TTO,259.688694,260.9292398,262.3711501,263.8495127,265.3356725,266.8762183,268.4052632,269.9534113,271.5015595,273.1366472,274.911501,276.8070175,278.8259259,280.8438596,282.779922,284.6348928,286.4191033,288.2274854,293.3155945,296.2875244,295.9350877,297.4001949,
Tunisia,TUN,63.67994336,64.33524073,64.97528965,65.6140448,66.24758625,66.86627188,67.47913234,68.1024395,68.74600927,69.41622039,70.12785144,71.01266735,71.92574022,72.73612255,73.56428939,74.39353115,75.21670314,76.0262809,76.80896627,77.55737642,78.28091529,78.93245366,
Turkiye,TUR,83.30437613,84.54974208,85.74076244,86.88243312,88.07488663,89.26979847,90.43479724,91.56200902,92.66884867,93.84462534,95.10458922,96.37599106,97.80990736,99.49731299,101.49302,103.486322,105.2705768,106.6614165,107.5962527,108.4698933,109.3193197,110.1508569,
Tuvalu,TUV,321.2666667,320.7,320.3,322.2666667,326.3666667,330.4,334.3333333,338.3,342.4,346.9333333,351.6666667,356.6666667,361.8,363.9333333,363.3,362.5666667,361.7333333,360.9333333,362.1666667,365.2,368.9666667,373.4666667,
Tanzania,TZA,38.90686837,39.98020885,41.04033755,42.14711899,43.30647889,44.5241646,45.79143373,47.09471325,48.3979273,49.62512192,50.92631181,52.40012531,53.9468695,55.60357078,57.36571687,59.31680176,61.41544592,63.52114699,65.57963762,67.59153195,69.65965003,71.78633326,
Uganda,UGA,120.2176918,123.9343626,127.8469046,131.898984,135.8594865,139.8658125,144.0029378,148.2898954,152.6943697,157.2119514,161.2892879,166.0469679,170.9220776,175.9104827,181.211545,186.9008378,193.2390734,200.1151257,207.0386744,214.1885099,221.447292,228.6743367,
Ukraine,UKR,84.88219556,83.99482178,83.20238547,82.53003245,81.90635206,81.30272188,80.75770851,80.28128183,79.84911448,79.49549644,79.18031658,78.89609542,78.70148105,78.52248843,78.15110739,77.94720434,77.68936629,77.38846021,77.0150466,76.60718502,76.16853469,75.58311184,
Upper middle income,UMC,43.36764713,43.75629145,44.13024344,44.48989976,44.84199107,45.19439632,45.44968282,45.77273767,46.11551952,46.46848493,46.80875306,47.17095577,47.58002206,48.00170748,48.41029472,48.8028151,49.17627577,49.54569824,49.8816347,50.18328381,50.43319082,50.5947017,
Uruguay,URY,18.81055879,18.8603531,18.89178951,18.91327848,18.93384185,18.95591932,18.98229917,19.01868929,19.0613987,19.10727917,19.15581648,19.20715918,19.26141584,19.31882071,19.378711,19.44245229,19.50500514,19.55319392,19.58085933,19.58866987,19.592538,19.57639127,
United States,USA,30.79730133,31.10362839,31.39354993,31.66453462,31.95894507,32.2548766,32.56739985,32.87861136,33.24368685,33.53639923,33.81578008,34.06244395,34.31324483,34.55181319,34.8061343,35.06332868,35.31834714,35.54249482,35.73009646,35.89317567,36.24098511,36.29783633,
Uzbekistan,UZB,56.54215361,57.2696032,57.97479302,58.65794708,59.34191115,60.03684762,60.77377538,61.62611472,62.62584095,63.69473213,65.52632303,67.32169368,68.32147774,69.39872278,70.57934,71.03699501,72.28449968,73.51221549,74.80043669,76.22283256,77.68535119,79.23490819,
St. Vincent and the Grenadines,VCT,291.8282051,291.3871795,290.8974359,290.0205128,288.7384615,287.2897436,285.7102564,284.1641026,282.8615385,281.6410256,280.2769231,278.725641,277.1358974,275.5128205,274.1333333,273.0307692,271.7,270.6384615,269.9512821,269.0358974,268.2871795,267.5179487,
"Venezuela, RB",VEN,27.6942679,28.20724789,28.71824613,29.22966839,29.73405929,30.23500368,30.72624114,31.20582393,31.66921716,32.11597075,32.55486877,32.98697239,33.41128734,33.82803809,34.2307783,34.61222833,34.85229182,34.65045406,33.81401621,32.84585114,32.30026983,31.97082592,
British Virgin Islands,VGB,134.0266667,137.7133333,141.92,146.5466667,151.4333333,156.6466667,162.1533333,167.94,174.1,180.2933333,183.7066667,186.4133333,189.4733333,191.0466667,193.14,195.7733333,198.26,200.4,202.2333333,204.0666667,206.0666667,207.48,
Virgin Islands (U.S.),VIR,310.4057143,310.14,310.0257143,310.0142857,309.9028571,309.8657143,309.6257143,309.5342857,309.7057143,309.7257143,309.5914286,309.4,309.1085714,308.6885714,308.2342857,307.7485714,307.1885714,306.5171429,305.7171429,304.7685714,303.6857143,302.4857143,
Viet Nam,VNM,253.9739664,256.5745508,259.6757624,262.7659077,265.4601445,265.7680997,268.3923976,271.1889281,273.6554675,276.5135247,279.0063391,282.0096685,284.8917906,288.3885786,291.1421414,294.1812351,297.1614298,300.0387616,302.825616,305.5770717,308.3591021,310.9732316,
Vanuatu,VUT,15.75668581,16.1635767,16.58121411,17.00229696,17.42592289,17.8533224,18.28736669,18.73215751,19.19212469,19.66275636,20.13560295,20.6147662,21.10853158,21.61886792,22.14331419,22.67744053,23.23363413,23.80959803,24.38867925,24.97161608,25.56890894,26.1802297,
World,WLD,47.41826816,48.05173911,48.6837998,49.30869607,49.88094287,50.51024397,51.10617438,51.74377598,52.39588979,53.04468414,53.6922448,54.33855871,54.96003625,55.63990812,56.31926192,56.98958808,57.65384502,58.3193954,58.96209252,59.58509696,60.18934359,60.78210869,
Samoa,WSM,65.0204947,65.55830389,65.94699647,66.23321555,66.45689046,66.65229682,66.91837456,67.30671378,67.76925795,68.26007067,68.78869258,69.3819788,70.00848057,70.64982332,71.29222615,71.93321555,72.63038869,74.68705036,75.43201439,76.22482014,77.31258993,78.69208633,
Kosovo,XKX,,,,,,,,,,,,,,,,,,,,,,,
"Yemen, Rep.",YEM,35.28363354,36.2586075,37.23820103,38.23853439,39.27004565,40.38235316,41.60520105,42.88413736,44.18623028,45.5131712,46.86619694,48.25200295,49.66833532,51.10896831,52.56606247,54.0116768,55.44633597,56.88654469,58.31867909,59.75091577,61.1475008,62.46877853,
South Africa,ZAF,38.59010131,38.93339653,39.28934704,39.65414602,40.02676718,40.4068511,40.79809083,41.21383739,41.68347938,42.18217857,42.68844109,43.2311906,43.80963737,44.41023832,45.11582076,46.0613013,46.51120197,46.6916791,47.26742039,47.88354945,48.47284785,48.95947951,
Zambia,ZMB,13.30544667,13.71011717,14.13564078,14.57912132,15.05002758,15.55693512,16.10401942,16.68313133,17.2896676,17.91534322,18.55296143,19.1902151,19.83435074,20.49392109,21.17030495,21.85693916,22.55580651,23.26915078,23.99264585,24.72521422,25.46135272,26.19503222,
Zimbabwe,ZWE,30.59241566,30.78965491,30.98008013,31.21578907,31.43564948,31.6007574,31.87408556,32.18448494,32.44241179,32.77707122,33.1905674,33.67141011,34.29063203,35.04051183,35.81686183,36.59024687,37.35996898,38.13131963,38.90961355,39.69137392,40.50579294,41.3429598,